1000,0.10,10,0,1.803130214s,1706466635555871667
1000,0.10,10,1,2.25787595s,1706466637359914999
1000,0.10,10,2,1.624787162s,1706466639617868493
1000,0.10,10,3,1.758576218s,1706466641242707038
1000,0.10,10,4,1.390425215s,1706466643001363946
1000,0.10,10,5,1.193007215s,1706466644391850580
1000,0.10,10,6,974.752936ms,1706466645584920276
1000,0.10,10,7,1.323148122s,1706466646559734098
1000,0.10,10,8,1.548497081s,1706466647882965467
1000,0.10,10,9,1.24271797s,1706466649431538670
1000,0.10,10,10,1.572443872s,1706466650674332653
1000,0.10,10,11,1.572602492s,1706466652246838721
1000,0.10,10,12,1.29901375s,1706466653819495261
1000,0.10,10,13,1.416585043s,1706466655118570935
1000,0.10,10,14,1.259495364s,1706466656535207151
1000,0.10,10,15,1.246813147s,1706466657794753806
1000,0.10,10,16,1.465135727s,1706466659041624817
1000,0.10,10,17,1.344960759s,1706466660506823788
1000,0.10,10,18,1.980471289s,1706466661851841415
1000,0.10,10,19,1.562482133s,1706466663832362145
1000,0.10,31,0,461.698208ms,1706466665400187874
1000,0.10,31,1,509.957398ms,1706466665861946084
1000,0.10,31,2,477.111876ms,1706466666371945114
1000,0.10,31,3,541.906668ms,1706466666849101505
1000,0.10,31,4,745.068485ms,1706466667391070708
1000,0.10,31,5,1.127638998s,1706466668136190406
1000,0.10,31,6,701.448035ms,1706466669263888661
1000,0.10,31,7,795.380093ms,1706466669965410692
1000,0.10,31,8,408.841119ms,1706466670760851968
1000,0.10,31,9,634.851978ms,1706466671169753576
1000,0.10,31,10,382.66518ms,1706466671804664476
1000,0.10,31,11,477.271767ms,1706466672187388119
1000,0.10,31,12,387.389572ms,1706466672664718076
1000,0.10,31,13,601.075958ms,1706466673052167739
1000,0.10,31,14,507.460609ms,1706466673653303262
1000,0.10,31,15,494.166301ms,1706466674160823655
1000,0.10,31,16,533.703465ms,1706466674655049172
1000,0.10,31,17,447.885512ms,1706466675188796712
1000,0.10,31,18,526.039708ms,1706466675636732945
1000,0.10,31,19,867.439257ms,1706466676162831640
1000,0.10,6,0,2.739799477s,1706466677035215509
1000,0.10,6,1,2.600893408s,1706466679775103527
1000,0.10,6,2,2.122544052s,1706466682376080891
1000,0.10,6,3,2.037390659s,1706466684498680019
1000,0.10,6,4,2.182571491s,1706466686536125112
1000,0.10,6,5,1.913074479s,1706466688718758112
1000,0.10,6,6,1.661651596s,1706466690631908074
1000,0.10,6,7,1.766238978s,1706466692293615216
1000,0.10,6,8,1.504174019s,1706466694059929128
1000,0.10,6,9,1.768583385s,1706466695564146784
1000,0.10,6,10,2.294734047s,1706466697332784775
1000,0.10,6,11,1.66907988s,1706466699627600108
1000,0.10,6,12,1.677039583s,1706466701296740921
1000,0.10,6,13,2.18935259s,1706466702973856611
1000,0.10,6,14,1.336126518s,1706466705163284927
1000,0.10,6,15,1.490411819s,1706466706499625628
1000,0.10,6,16,1.576183743s,1706466707990141339
1000,0.10,6,17,1.437414123s,1706466709566379478
1000,0.10,6,18,1.303957978s,1706466711003869378
1000,0.10,6,19,1.76350438s,1706466712307882346
1000,0.25,10,0,1.070335748s,1706466714081304021
1000,0.25,10,1,880.194994ms,1706466715151716030
1000,0.25,10,2,965.247239ms,1706466716031957877
1000,0.25,10,3,964.992352ms,1706466716997255711
1000,0.25,10,4,884.7275ms,1706466717962295411
1000,0.25,10,5,1.130692713s,1706466718847083539
1000,0.25,10,6,1.244043482s,1706466719977832313
1000,0.25,10,7,1.195554084s,1706466721221926603
1000,0.25,10,8,976.886921ms,1706466722417564561
1000,0.25,10,9,1.148417719s,1706466723394502494
1000,0.25,10,10,1.094975064s,1706466724542993650
1000,0.25,10,11,906.902866ms,1706466725638016749
1000,0.25,10,12,771.776066ms,1706466726544970980
1000,0.25,10,13,877.689765ms,1706466727316794789
1000,0.25,10,14,956.437431ms,1706466728194531788
1000,0.25,10,15,1.15955571s,1706466729151024301
1000,0.25,10,16,854.895473ms,1706466730310665459
1000,0.25,10,17,819.362964ms,1706466731165616011
1000,0.25,10,18,1.053955332s,1706466731985032829
1000,0.25,10,19,776.070835ms,1706466733039042678
1000,0.25,31,0,256.302641ms,1706466733820204804
1000,0.25,31,1,288.504807ms,1706466734076565354
1000,0.25,31,2,538.407622ms,1706466734365113385
1000,0.25,31,3,341.94129ms,1706466734903568404
1000,0.25,31,4,401.570185ms,1706466735245566792
1000,0.25,31,5,623.064298ms,1706466735647213849
1000,0.25,31,6,396.020593ms,1706466736270374304
1000,0.25,31,7,441.63475ms,1706466736666445681
1000,0.25,31,8,425.26158ms,1706466737108156086
1000,0.25,31,9,587.402783ms,1706466737533479404
1000,0.25,31,10,363.215889ms,1706466738120933809
1000,0.25,31,11,434.868479ms,1706466738484226816
1000,0.25,31,12,431.11617ms,1706466738919155638
1000,0.25,31,13,334.012709ms,1706466739350319533
1000,0.25,31,14,306.05941ms,1706466739684407288
1000,0.25,31,15,324.547351ms,1706466739990539738
1000,0.25,31,16,329.847745ms,1706466740315159640
1000,0.25,31,17,328.79998ms,1706466740645052374
1000,0.25,31,18,307.753357ms,1706466740973925293
1000,0.25,31,19,297.75369ms,1706466741281760878
1000,0.25,6,0,1.389161957s,1706466741584305712
1000,0.25,6,1,1.379556413s,1706466742973573899
1000,0.25,6,2,1.264310497s,1706466744353181784
1000,0.25,6,3,1.360027071s,1706466745617553745
1000,0.25,6,4,1.565178166s,1706466746977767042
1000,0.25,6,5,1.361897148s,1706466748543002659
1000,0.25,6,6,1.106063149s,1706466749904976315
1000,0.25,6,7,1.067345795s,1706466751011100912
1000,0.25,6,8,1.267494259s,1706466752078530454
1000,0.25,6,9,1.148319902s,1706466753346079539
1000,0.25,6,10,1.111630973s,1706466754494487379
1000,0.25,6,11,1.110038839s,1706466755606194810
1000,0.25,6,12,1.097343638s,1706466756716308735
1000,0.25,6,13,1.207906102s,1706466757813700440
1000,0.25,6,14,1.058239071s,1706466759021682560
1000,0.25,6,15,971.493002ms,1706466760079968761
1000,0.25,6,16,936.353492ms,1706466761051537459
1000,0.25,6,17,952.863648ms,1706466761987989558
1000,0.25,6,18,1.417316634s,1706466762940892987
1000,0.25,6,19,1.270509557s,1706466764358256754
1000,0.50,10,0,883.422808ms,1706466765638249324
1000,0.50,10,1,857.576516ms,1706466766521772019
1000,0.50,10,2,1.155617346s,1706466767379424760
1000,0.50,10,3,1.268902726s,1706466768535119573
1000,0.50,10,4,1.033264649s,1706466769804071039
1000,0.50,10,5,800.44965ms,1706466770837416229
1000,0.50,10,6,847.099015ms,1706466771637914160
1000,0.50,10,7,754.928692ms,1706466772485062364
1000,0.50,10,8,1.417395191s,1706466773240039534
1000,0.50,10,9,1.229794287s,1706466774657487306
1000,0.50,10,10,782.735368ms,1706466775887344658
1000,0.50,10,11,768.390242ms,1706466776670135253
1000,0.50,10,12,1.114394267s,1706466777438573859
1000,0.50,10,13,849.991042ms,1706466778553052702
1000,0.50,10,14,704.43495ms,1706466779403119764
1000,0.50,10,15,1.146839067s,1706466780107604974
1000,0.50,10,16,915.7716ms,1706466781254492110
1000,0.50,10,17,787.786911ms,1706466782170338859
1000,0.50,10,18,989.491856ms,1706466782958198233
1000,0.50,10,19,931.658446ms,1706466783947743617
1000,0.50,31,0,369.705087ms,1706466784884691160
1000,0.50,31,1,372.000294ms,1706466785254482488
1000,0.50,31,2,410.353006ms,1706466785626556008
1000,0.50,31,3,428.785551ms,1706466786036966451
1000,0.50,31,4,364.722008ms,1706466786465910574
1000,0.50,31,5,395.827106ms,1706466786830697562
1000,0.50,31,6,358.583235ms,1706466787226570940
1000,0.50,31,7,338.005084ms,1706466787585206815
1000,0.50,31,8,447.074593ms,1706466787923286825
1000,0.50,31,9,675.495585ms,1706466788370410769
1000,0.50,31,10,372.160453ms,1706466789045975032
1000,0.50,31,11,398.795812ms,1706466789418204743
1000,0.50,31,12,450.959749ms,1706466789817063471
1000,0.50,31,13,346.529582ms,1706466790268093998
1000,0.50,31,14,350.732988ms,1706466790614692916
1000,0.50,31,15,396.886618ms,1706466790965467459
1000,0.50,31,16,357.198548ms,1706466791362416113
1000,0.50,31,17,316.004359ms,1706466791719666844
1000,0.50,31,18,337.723981ms,1706466792035725568
1000,0.50,31,19,350.075761ms,1706466792373494530
1000,0.50,6,0,1.527912443s,1706466792728926819
1000,0.50,6,1,1.472186997s,1706466794256931249
1000,0.50,6,2,1.156833354s,1706466795729194906
1000,0.50,6,3,1.349276095s,1706466796886101907
1000,0.50,6,4,1.425894612s,1706466798235454637
1000,0.50,6,5,1.4023651s,1706466799661398462
1000,0.50,6,6,1.05390345s,1706466801063847056
1000,0.50,6,7,1.197061522s,1706466802117802834
1000,0.50,6,8,1.27062172s,1706466803314909738
1000,0.50,6,9,1.397022689s,1706466804585600462
1000,0.50,6,10,1.487220632s,1706466805982696415
1000,0.50,6,11,1.993057389s,1706466807469996801
1000,0.50,6,12,1.96864529s,1706466809463130249
1000,0.50,6,13,1.334805877s,1706466811431854878
1000,0.50,6,14,1.312450289s,1706466812766713111
1000,0.50,6,15,1.397951205s,1706466814079211524
1000,0.50,6,16,1.103606357s,1706466815477211078
1000,0.50,6,17,1.208171633s,1706466816580894256
1000,0.50,6,18,1.245924724s,1706466817789113682
1000,0.50,6,19,1.303154089s,1706466819035115482
1000,0.75,10,0,952.882913ms,1706466820347768347
1000,0.75,10,1,718.721646ms,1706466821300705093
1000,0.75,10,2,843.386421ms,1706466822019506384
1000,0.75,10,3,791.7747ms,1706466822862975037
1000,0.75,10,4,887.316818ms,1706466823654801143
1000,0.75,10,5,920.11785ms,1706466824542167865
1000,0.75,10,6,934.057874ms,1706466825462364123
1000,0.75,10,7,823.957351ms,1706466826396496466
1000,0.75,10,8,920.145752ms,1706466827220533825
1000,0.75,10,9,892.973923ms,1706466828140726271
1000,0.75,10,10,1.036594331s,1706466829033777501
1000,0.75,10,11,868.199622ms,1706466830070418457
1000,0.75,10,12,877.445297ms,1706466830938789972
1000,0.75,10,13,936.017788ms,1706466831816281928
1000,0.75,10,14,892.665018ms,1706466832752376948
1000,0.75,10,15,888.882936ms,1706466833645121153
1000,0.75,10,16,995.478562ms,1706466834534083226
1000,0.75,10,17,996.279108ms,1706466835529643946
1000,0.75,10,18,1.00380679s,1706466836525974520
1000,0.75,10,19,1.006312934s,1706466837529841268
1000,0.75,31,0,441.950537ms,1706466838542730028
1000,0.75,31,1,543.85975ms,1706466838984773748
1000,0.75,31,2,574.081873ms,1706466839528700289
1000,0.75,31,3,499.284364ms,1706466840102854437
1000,0.75,31,4,753.267565ms,1706466840602216201
1000,0.75,31,5,601.519408ms,1706466841355550114
1000,0.75,31,6,536.810323ms,1706466841957143643
1000,0.75,31,7,422.884641ms,1706466842494021152
1000,0.75,31,8,552.912649ms,1706466842916973672
1000,0.75,31,9,428.589753ms,1706466843469952345
1000,0.75,31,10,587.399331ms,1706466843898607997
1000,0.75,31,11,565.499961ms,1706466844486095465
1000,0.75,31,12,559.014595ms,1706466845051662557
1000,0.75,31,13,587.190017ms,1706466845610750327
1000,0.75,31,14,646.139343ms,1706466846198014862
1000,0.75,31,15,563.666571ms,1706466846844232506
1000,0.75,31,16,594.895012ms,1706466847407964620
1000,0.75,31,17,577.492952ms,1706466848002924192
1000,0.75,31,18,584.662523ms,1706466848580488009
1000,0.75,31,19,611.457992ms,1706466849165228797
1000,0.75,6,0,1.905102677s,1706466849782794685
1000,0.75,6,1,1.808939377s,1706466851687996345
1000,0.75,6,2,1.687497109s,1706466853496994708
1000,0.75,6,3,1.611831357s,1706466855184544783
1000,0.75,6,4,1.673015181s,1706466856796421428
1000,0.75,6,5,1.62170676s,1706466858469486837
1000,0.75,6,6,1.751653979s,1706466860091242917
1000,0.75,6,7,2.762084779s,1706466861842946146
1000,0.75,6,8,1.917646352s,1706466864605108585
1000,0.75,6,9,2.458510924s,1706466866522803717
1000,0.75,6,10,1.815690422s,1706466868981388624
1000,0.75,6,11,1.779691478s,1706466870797127389
1000,0.75,6,12,2.148502867s,1706466872576871995
1000,0.75,6,13,1.811512254s,1706466874725453141
1000,0.75,6,14,1.841064642s,1706466876537026781
1000,0.75,6,15,2.023442883s,1706466878378169385
1000,0.75,6,16,1.789995468s,1706466880401670252
1000,0.75,6,17,1.897718641s,1706466882191728046
1000,0.75,6,18,1.538480276s,1706466884089499019
1000,0.75,6,19,1.509192537s,1706466885628036825
1000,0.90,10,0,1.25105981s,1706466887147557306
1000,0.90,10,1,1.017422598s,1706466888398708578
1000,0.90,10,2,1.118675343s,1706466889416207778
1000,0.90,10,3,948.558254ms,1706466890534963189
1000,0.90,10,4,1.076406485s,1706466891483567624
1000,0.90,10,5,1.231134422s,1706466892560049891
1000,0.90,10,6,1.146063179s,1706466893791230444
1000,0.90,10,7,1.092338477s,1706466894937369879
1000,0.90,10,8,1.017363068s,1706466896029946382
1000,0.90,10,9,959.410355ms,1706466897047356785
1000,0.90,10,10,1.540289647s,1706466898006839898
1000,0.90,10,11,975.063695ms,1706466899547205108
1000,0.90,10,12,1.007675199s,1706466900522343539
1000,0.90,10,13,1.060345435s,1706466901530098641
1000,0.90,10,14,1.299731117s,1706466902590495454
1000,0.90,10,15,1.08661643s,1706466903890301342
1000,0.90,10,16,1.029584474s,1706466904976995561
1000,0.90,10,17,923.626335ms,1706466906006627276
1000,0.90,10,18,1.036742093s,1706466906930303394
1000,0.90,10,19,1.214679576s,1706466907967093113
1000,0.90,31,0,614.239864ms,1706466909188681439
1000,0.90,31,1,672.088573ms,1706466909802976758
1000,0.90,31,2,620.025395ms,1706466910475126276
1000,0.90,31,3,607.276327ms,1706466911095203594
1000,0.90,31,4,746.13292ms,1706466911702550466
1000,0.90,31,5,491.706219ms,1706466912448753850
1000,0.90,31,6,719.563334ms,1706466912940532304
1000,0.90,31,7,595.645314ms,1706466913660176122
1000,0.90,31,8,575.29591ms,1706466914255893198
1000,0.90,31,9,706.131133ms,1706466914831274475
1000,0.90,31,10,664.480375ms,1706466915537480039
1000,0.90,31,11,831.166849ms,1706466916202004734
1000,0.90,31,12,718.563572ms,1706466917033239339
1000,0.90,31,13,629.343745ms,1706466917751871410
1000,0.90,31,14,870.734345ms,1706466918381286216
1000,0.90,31,15,674.960819ms,1706466919252089069
1000,0.90,31,16,660.244934ms,1706466919927127932
1000,0.90,31,17,722.383038ms,1706466920587443025
1000,0.90,31,18,622.388986ms,1706466921309898311
1000,0.90,31,19,623.69772ms,1706466921932352922
1000,0.90,6,0,1.836445062s,1706466922562573162
1000,0.90,6,1,1.525671836s,1706466924399080403
1000,0.90,6,2,1.846323138s,1706466925924802874
1000,0.90,6,3,2.123631792s,1706466927771181276
1000,0.90,6,4,1.597332275s,1706466929894888730
1000,0.90,6,5,1.442549959s,1706466931492270778
1000,0.90,6,6,1.805555734s,1706466932934871566
1000,0.90,6,7,1.448262596s,1706466934740481968
1000,0.90,6,8,1.446203804s,1706466936188821676
1000,0.90,6,9,1.680777918s,1706466937635107686
1000,0.90,6,10,1.490293828s,1706466939315939330
1000,0.90,6,11,1.244978181s,1706466940806312555
1000,0.90,6,12,1.599383392s,1706466942051341389
1000,0.90,6,13,2.046507106s,1706466943650782844
1000,0.90,6,14,1.425856548s,1706466945697374473
1000,0.90,6,15,1.6456823s,1706466947123307072
1000,0.90,6,16,2.337844369s,1706466948769042635
1000,0.90,6,17,2.093833576s,1706466951106935759
1000,0.90,6,18,1.792630436s,1706466953200847648
1000,0.90,6,19,1.935542552s,1706466954993554293
2000,0.10,10,0,1.564974591s,1706466956939524323
2000,0.10,10,1,2.307588238s,1706466958504575253
2000,0.10,10,2,2.43773515s,1706466960812222426
2000,0.10,10,3,2.069808605s,1706466963250006694
2000,0.10,10,4,1.754865321s,1706466965319878076
2000,0.10,10,5,2.061739866s,1706466967074820756
2000,0.10,10,6,2.322482294s,1706466969136612437
2000,0.10,10,7,2.216028833s,1706466971459170192
2000,0.10,10,8,2.472611868s,1706466973675262807
2000,0.10,10,9,1.969724668s,1706466976147956967
2000,0.10,10,10,2.261300937s,1706466978117761436
2000,0.10,10,11,2.157295792s,1706466980379114443
2000,0.10,10,12,2.259497244s,1706466982536468723
2000,0.10,10,13,2.635589642s,1706466984796043784
2000,0.10,10,14,2.086261926s,1706466987431709360
2000,0.10,10,15,2.243759375s,1706466989518048021
2000,0.10,10,16,2.168720886s,1706466991761865111
2000,0.10,10,17,2.2373707s,1706466993930660917
2000,0.10,10,18,2.711616758s,1706466996168108983
2000,0.10,10,19,2.504752498s,1706466998879807466
2000,0.10,44,0,631.24618ms,1706467001390512826
2000,0.10,44,1,630.802151ms,1706467002021849811
2000,0.10,44,2,696.602901ms,1706467002652698678
2000,0.10,44,3,635.395633ms,1706467003349377852
2000,0.10,44,4,567.768618ms,1706467003984832356
2000,0.10,44,5,498.362004ms,1706467004552648263
2000,0.10,44,6,999.012006ms,1706467005051089293
2000,0.10,44,7,577.086024ms,1706467006050187076
2000,0.10,44,8,501.68402ms,1706467006627327085
2000,0.10,44,9,453.86135ms,1706467007129088214
2000,0.10,44,10,511.124871ms,1706467007583026555
2000,0.10,44,11,436.136479ms,1706467008094225837
2000,0.10,44,12,544.323012ms,1706467008530414756
2000,0.10,44,13,384.027259ms,1706467009074787116
2000,0.10,44,14,434.743105ms,1706467009458862623
2000,0.10,44,15,588.648355ms,1706467009893661716
2000,0.10,44,16,601.927033ms,1706467010482356843
2000,0.10,44,17,465.710419ms,1706467011084353441
2000,0.10,44,18,336.674759ms,1706467011550143021
2000,0.10,44,19,435.182872ms,1706467011886864710
2000,0.10,7,0,2.416723065s,1706467012327178546
2000,0.10,7,1,2.786235967s,1706467014743998746
2000,0.10,7,2,2.968482964s,1706467017530312142
2000,0.10,7,3,2.949900311s,1706467020498881879
2000,0.10,7,4,3.183559036s,1706467023448864195
2000,0.10,7,5,3.490697431s,1706467026632476153
2000,0.10,7,6,2.334785835s,1706467030123251369
2000,0.10,7,7,2.470453026s,1706467032458263249
2000,0.10,7,8,2.125409595s,1706467034928789428
2000,0.10,7,9,2.483194686s,1706467037054245243
2000,0.10,7,10,1.930639578s,1706467039537499969
2000,0.10,7,11,1.886015864s,1706467041468219363
2000,0.10,7,12,1.927897065s,1706467043354314821
2000,0.10,7,13,2.77129788s,1706467045282265101
2000,0.10,7,14,1.907744935s,1706467048053620757
2000,0.10,7,15,2.126486988s,1706467049961420400
2000,0.10,7,16,2.276503594s,1706467052087967925
2000,0.10,7,17,1.680090362s,1706467054364554581
2000,0.10,7,18,1.746065899s,1706467056044721316
2000,0.10,7,19,2.075372367s,1706467057790841892
2000,0.25,10,0,1.468646136s,1706467059876221558
2000,0.25,10,1,1.371043125s,1706467061344930221
2000,0.25,10,2,1.822498456s,1706467062716020290
2000,0.25,10,3,1.331031627s,1706467064538574077
2000,0.25,10,4,1.416004702s,1706467065869664130
2000,0.25,10,5,2.230474301s,1706467067285729858
2000,0.25,10,6,2.013435335s,1706467069516264995
2000,0.25,10,7,1.802713411s,1706467071529749105
2000,0.25,10,8,2.683736948s,1706467073332520023
2000,0.25,10,9,1.721690049s,1706467076016334488
2000,0.25,10,10,2.210000309s,1706467077738074106
2000,0.25,10,11,1.881812137s,1706467079948151644
2000,0.25,10,12,1.516433577s,1706467081830038556
2000,0.25,10,13,2.149910511s,1706467083346551436
2000,0.25,10,14,1.847648918s,1706467085496539547
2000,0.25,10,15,1.89194036s,1706467087344235285
2000,0.25,10,16,2.057536485s,1706467089236230149
2000,0.25,10,17,1.78579198s,1706467091293824003
2000,0.25,10,18,2.522069779s,1706467093079692962
2000,0.25,10,19,1.866666891s,1706467095601812958
2000,0.25,44,0,641.621361ms,1706467097474801425
2000,0.25,44,1,836.948272ms,1706467098116507324
2000,0.25,44,2,812.183171ms,1706467098953543583
2000,0.25,44,3,715.30415ms,1706467099765815357
2000,0.25,44,4,728.822482ms,1706467100481186498
2000,0.25,44,5,764.5577ms,1706467101210059876
2000,0.25,44,6,955.816411ms,1706467101974694423
2000,0.25,44,7,1.180936793s,1706467102930561300
2000,0.25,44,8,857.477619ms,1706467104111573502
2000,0.25,44,9,988.136367ms,1706467104969136485
2000,0.25,44,10,712.827346ms,1706467105957340098
2000,0.25,44,11,769.133175ms,1706467106670235275
2000,0.25,44,12,1.019960101s,1706467107439449368
2000,0.25,44,13,851.882738ms,1706467108459488629
2000,0.25,44,14,676.165596ms,1706467109311452483
2000,0.25,44,15,775.786766ms,1706467109987694300
2000,0.25,44,16,716.789717ms,1706467110763548308
2000,0.25,44,17,700.603206ms,1706467111480417385
2000,0.25,44,18,793.473053ms,1706467112181090015
2000,0.25,44,19,599.699723ms,1706467112974625795
2000,0.25,7,0,2.816470564s,1706467113580431420
2000,0.25,7,1,1.999767413s,1706467116397001291
2000,0.25,7,2,2.267697939s,1706467118396847939
2000,0.25,7,3,2.887701636s,1706467120664620758
2000,0.25,7,4,2.714762828s,1706467123552396742
2000,0.25,7,5,2.613891425s,1706467126267210047
2000,0.25,7,6,2.400208255s,1706467128881178375
2000,0.25,7,7,2.28736671s,1706467131281461422
2000,0.25,7,8,3.094412792s,1706467133568878723
2000,0.25,7,9,2.769110186s,1706467136663348294
2000,0.25,7,10,3.208296154s,1706467139432512834
2000,0.25,7,11,2.375221001s,1706467142640862872
2000,0.25,7,12,2.717584263s,1706467145016134139
2000,0.25,7,13,2.381953665s,1706467147733768647
2000,0.25,7,14,2.146476989s,1706467150115785064
2000,0.25,7,15,2.150071749s,1706467152262351824
2000,0.25,7,16,1.845874149s,1706467154412499101
2000,0.25,7,17,1.795406127s,1706467156258422948
2000,0.25,7,18,2.026257247s,1706467158053880753
2000,0.25,7,19,1.864589743s,1706467160080219972
2000,0.50,10,0,2.309535892s,1706467161956083583
2000,0.50,10,1,2.385358147s,1706467164265723613
2000,0.50,10,2,2.197609264s,1706467166651168273
2000,0.50,10,3,2.462780863s,1706467168848827156
2000,0.50,10,4,2.194561104s,1706467171311693754
2000,0.50,10,5,3.515387092s,1706467173506304494
2000,0.50,10,6,3.324932124s,1706467177021752062
2000,0.50,10,7,2.909175791s,1706467180346776681
2000,0.50,10,8,3.197211667s,1706467183256025465
2000,0.50,10,9,2.838176439s,1706467186453296259
2000,0.50,10,10,2.787851759s,1706467189291562218
2000,0.50,10,11,2.450987261s,1706467192079506994
2000,0.50,10,12,2.714372934s,1706467194530570954
2000,0.50,10,13,3.084112461s,1706467197245027989
2000,0.50,10,14,2.716636371s,1706467200329188536
2000,0.50,10,15,2.894551124s,1706467203045881899
2000,0.50,10,16,2.635118074s,1706467205940482204
2000,0.50,10,17,2.998814881s,1706467208575683279
2000,0.50,10,18,2.771698609s,1706467211574563337
2000,0.50,10,19,2.693574947s,1706467214346311374
2000,0.50,44,0,1.210646756s,1706467217049209580
2000,0.50,44,1,1.133039905s,1706467218259940667
2000,0.50,44,2,1.117039198s,1706467219393060476
2000,0.50,44,3,1.257244699s,1706467220510170367
2000,0.50,44,4,1.253722663s,1706467221767505149
2000,0.50,44,5,1.180536101s,1706467223021275376
2000,0.50,44,6,1.1289853s,1706467224201872475
2000,0.50,44,7,1.217613859s,1706467225330940513
2000,0.50,44,8,1.38825946s,1706467226548626204
2000,0.50,44,9,1.202700355s,1706467227936954320
2000,0.50,44,10,1.249085916s,1706467229139724141
2000,0.50,44,11,1.170603449s,1706467230388863478
2000,0.50,44,12,1.209404656s,1706467231559551813
2000,0.50,44,13,1.320350076s,1706467232769026594
2000,0.50,44,14,1.264345109s,1706467234089460615
2000,0.50,44,15,1.180077333s,1706467235353877844
2000,0.50,44,16,1.389772157s,1706467236534036530
2000,0.50,44,17,1.425844703s,1706467237923892161
2000,0.50,44,18,1.198759049s,1706467239349806831
2000,0.50,44,19,1.143398146s,1706467240548636891
2000,0.50,7,0,3.636853854s,1706467241701156938
2000,0.50,7,1,3.514377336s,1706467245338103052
2000,0.50,7,2,2.658749654s,1706467248852555186
2000,0.50,7,3,3.607473722s,1706467251511359953
2000,0.50,7,4,3.105717146s,1706467255118915503
2000,0.50,7,5,3.374635016s,1706467258224711398
2000,0.50,7,6,3.489158133s,1706467261599436575
2000,0.50,7,7,3.405459793s,1706467265088645921
2000,0.50,7,8,2.416420428s,1706467268494161920
2000,0.50,7,9,2.440698491s,1706467270910639334
2000,0.50,7,10,2.877562249s,1706467273351414422
2000,0.50,7,11,3.055120449s,1706467276229057356
2000,0.50,7,12,2.614202021s,1706467279284252498
2000,0.50,7,13,2.700210631s,1706467281898674037
2000,0.50,7,14,2.308444954s,1706467284598960417
2000,0.50,7,15,2.724830956s,1706467286907488168
2000,0.50,7,16,2.295120603s,1706467289632397217
2000,0.50,7,17,2.372407894s,1706467291927596663
2000,0.50,7,18,2.28542998s,1706467294300067905
2000,0.50,7,19,3.492785741s,1706467296585563271
2000,0.75,10,0,3.345452682s,1706467300090798718
2000,0.75,10,1,3.64806223s,1706467303436314537
2000,0.75,10,2,3.193550112s,1706467307084455197
2000,0.75,10,3,2.606577136s,1706467310278056964
2000,0.75,10,4,2.87966379s,1706467312884707285
2000,0.75,10,5,2.803956283s,1706467315764448223
2000,0.75,10,6,3.741244166s,1706467318568478716
2000,0.75,10,7,3.560211998s,1706467322309799539
2000,0.75,10,8,3.963998668s,1706467325870084505
2000,0.75,10,9,2.988366649s,1706467329834160195
2000,0.75,10,10,2.663852859s,1706467332822605757
2000,0.75,10,11,3.129310603s,1706467335486541453
2000,0.75,10,12,2.954030977s,1706467338615901158
2000,0.75,10,13,3.060267301s,1706467341569988025
2000,0.75,10,14,2.906397244s,1706467344630323563
2000,0.75,10,15,3.172211691s,1706467347536791568
2000,0.75,10,16,3.196528632s,1706467350709057684
2000,0.75,10,17,2.931353345s,1706467353905653482
2000,0.75,10,18,3.023420099s,1706467356837080686
2000,0.75,10,19,2.697392303s,1706467359860569260
2000,0.75,44,0,2.030685708s,1706467362567199563
2000,0.75,44,1,1.7220956s,1706467364597957025
2000,0.75,44,2,1.731434092s,1706467366320142904
2000,0.75,44,3,1.908415394s,1706467368051655043
2000,0.75,44,4,1.716080211s,1706467369960150461
2000,0.75,44,5,1.661676516s,1706467371676403845
2000,0.75,44,6,1.702800425s,1706467373338169027
2000,0.75,44,7,1.761723514s,1706467375041036376
2000,0.75,44,8,2.008226693s,1706467376802826220
2000,0.75,44,9,2.30192983s,1706467378811135072
2000,0.75,44,10,2.277861157s,1706467381113120835
2000,0.75,44,11,2.080657096s,1706467383391061650
2000,0.75,44,12,1.876358184s,1706467385471918032
2000,0.75,44,13,2.093920793s,1706467387348346888
2000,0.75,44,14,2.391267211s,1706467389442336811
2000,0.75,44,15,1.839383413s,1706467391833678406
2000,0.75,44,16,2.179580622s,1706467393673131914
2000,0.75,44,17,1.92976831s,1706467395852761612
2000,0.75,44,18,1.971696666s,1706467397782598701
2000,0.75,44,19,2.517818642s,1706467399754367768
2000,0.75,7,0,5.258493873s,1706467402282423440
2000,0.75,7,1,4.894964619s,1706467407540977651
2000,0.75,7,2,4.726463353s,1706467412436026562
2000,0.75,7,3,4.654501801s,1706467417162566813
2000,0.75,7,4,5.222587781s,1706467421817149219
2000,0.75,7,5,4.511717671s,1706467427039791796
2000,0.75,7,6,4.292620959s,1706467431551590212
2000,0.75,7,7,4.109946035s,1706467435844293448
2000,0.75,7,8,4.033063948s,1706467439954294034
2000,0.75,7,9,4.594843114s,1706467443987411439
2000,0.75,7,10,4.396668431s,1706467448582300344
2000,0.75,7,11,4.313153669s,1706467452979027137
2000,0.75,7,12,4.301491142s,1706467457292267222
2000,0.75,7,13,4.192816161s,1706467461593817026
2000,0.75,7,14,4.596267594s,1706467465786688269
2000,0.75,7,15,5.32393424s,1706467470383011374
2000,0.75,7,16,5.597749434s,1706467475706998221
2000,0.75,7,17,6.078488594s,1706467481304829244
2000,0.75,7,18,5.231958249s,1706467487383375050
2000,0.75,7,19,5.726280554s,1706467492615388123
2000,0.90,10,0,4.440132376s,1706467498357016110
2000,0.90,10,1,4.45522361s,1706467502797233712
2000,0.90,10,2,4.261197982s,1706467507252536312
2000,0.90,10,3,4.753721928s,1706467511513816529
2000,0.90,10,4,4.598138396s,1706467516267595912
2000,0.90,10,5,4.601403113s,1706467520865805620
2000,0.90,10,6,5.455819108s,1706467525467285538
2000,0.90,10,7,4.5647162s,1706467530923189905
2000,0.90,10,8,4.249744447s,1706467535487981395
2000,0.90,10,9,4.068221113s,1706467539737799494
2000,0.90,10,10,4.013598124s,1706467543806078467
2000,0.90,10,11,4.110773522s,1706467547819753192
2000,0.90,10,12,4.240439783s,1706467551930601292
2000,0.90,10,13,3.995345742s,1706467556171118790
2000,0.90,10,14,3.841709386s,1706467560166549034
2000,0.90,10,15,4.523974482s,1706467564008334102
2000,0.90,10,16,4.833796726s,1706467568532377315
2000,0.90,10,17,3.874885894s,1706467573366243701
2000,0.90,10,18,3.60772224s,1706467577241204990
2000,0.90,10,19,3.435983703s,1706467580849004549
2000,0.90,44,0,2.176193055s,1706467584296309475
2000,0.90,44,1,2.193537173s,1706467586472579652
2000,0.90,44,2,2.65852878s,1706467588666303567
2000,0.90,44,3,2.274856072s,1706467591325049437
2000,0.90,44,4,2.346627463s,1706467593599977764
2000,0.90,44,5,2.333350476s,1706467595946686049
2000,0.90,44,6,2.153474519s,1706467598280122045
2000,0.90,44,7,2.18909316s,1706467600433648534
2000,0.90,44,8,2.280075557s,1706467602622818765
2000,0.90,44,9,2.260167477s,1706467604902975956
2000,0.90,44,10,2.312735731s,1706467607163215507
2000,0.90,44,11,2.559699001s,1706467609476017659
2000,0.90,44,12,2.243592293s,1706467612035791383
2000,0.90,44,13,2.4085314s,1706467614279452083
2000,0.90,44,14,2.189627309s,1706467616688059054
2000,0.90,44,15,2.436085512s,1706467618877753546
2000,0.90,44,16,2.297711171s,1706467621313930817
2000,0.90,44,17,2.196036586s,1706467623611717633
2000,0.90,44,18,2.146376709s,1706467625807817914
2000,0.90,44,19,2.243245857s,1706467627954251441
2000,0.90,7,0,4.502510889s,1706467630208607891
2000,0.90,7,1,4.500149851s,1706467634711197107
2000,0.90,7,2,4.155042002s,1706467639211428658
2000,0.90,7,3,4.088564199s,1706467643366520040
2000,0.90,7,4,3.876780801s,1706467647455137527
2000,0.90,7,5,4.200002664s,1706467651331967329
2000,0.90,7,6,4.001150345s,1706467655532061258
2000,0.90,7,7,3.916519042s,1706467659533261715
2000,0.90,7,8,4.101726589s,1706467663449833956
2000,0.90,7,9,4.380214643s,1706467667551612773
2000,0.90,7,10,3.809981036s,1706467671931876684
2000,0.90,7,11,4.492657084s,1706467675741941064
2000,0.90,7,12,4.766374016s,1706467680234647617
2000,0.90,7,13,5.759016941s,1706467685001104145
2000,0.90,7,14,5.431790057s,1706467690760200648
2000,0.90,7,15,4.749263248s,1706467696192043125
2000,0.90,7,16,4.397248233s,1706467700941387505
2000,0.90,7,17,4.665552943s,1706467705338721719
2000,0.90,7,18,4.251443042s,1706467710004353851
2000,0.90,7,19,4.360584459s,1706467714255854009
5000,0.10,10,0,6.254135603s,1706467718632165937
5000,0.10,10,1,4.872985502s,1706467724886388026
5000,0.10,10,2,4.107522289s,1706467729759455755
5000,0.10,10,3,4.911711889s,1706467733867035130
5000,0.10,10,4,4.627740465s,1706467738778829070
5000,0.10,10,5,5.297756672s,1706467743406626252
5000,0.10,10,6,4.428606332s,1706467748704467246
5000,0.10,10,7,3.996346464s,1706467753133160780
5000,0.10,10,8,3.786812539s,1706467757129585792
5000,0.10,10,9,3.761750874s,1706467760916446869
5000,0.10,10,10,3.678773432s,1706467764678287275
5000,0.10,10,11,3.729469419s,1706467768357140966
5000,0.10,10,12,4.398224243s,1706467772086693320
5000,0.10,10,13,4.589099596s,1706467776484975913
5000,0.10,10,14,4.592290686s,1706467781074159509
5000,0.10,10,15,5.019146303s,1706467785666502367
5000,0.10,10,16,5.5624514s,1706467790685701875
5000,0.10,10,17,6.307548193s,1706467796248211560
5000,0.10,10,18,7.27188529s,1706467802555841845
5000,0.10,10,19,5.776012556s,1706467809827779012
5000,0.10,70,0,1.502716925s,1706467815614407004
5000,0.10,70,1,1.424399184s,1706467817117215553
5000,0.10,70,2,1.250664657s,1706467818541823070
5000,0.10,70,3,1.31635947s,1706467819792556969
5000,0.10,70,4,1.486008817s,1706467821108991633
5000,0.10,70,5,1.263007303s,1706467822595087599
5000,0.10,70,6,1.318734105s,1706467823858174219
5000,0.10,70,7,1.266467032s,1706467825176992907
5000,0.10,70,8,1.495826686s,1706467826443539737
5000,0.10,70,9,1.783957087s,1706467827939437627
5000,0.10,70,10,1.402500259s,1706467829723476465
5000,0.10,70,11,1.395181294s,1706467831126058578
5000,0.10,70,12,1.953847509s,1706467832521307901
5000,0.10,70,13,1.414736586s,1706467834475244196
5000,0.10,70,14,1.188217444s,1706467835890055212
5000,0.10,70,15,1.515108641s,1706467837078345715
5000,0.10,70,16,1.58181785s,1706467838593563509
5000,0.10,70,17,1.303218888s,1706467840175450935
5000,0.10,70,18,1.273311748s,1706467841478754142
5000,0.10,70,19,1.881911384s,1706467842752112447
5000,0.10,8,0,5.447536534s,1706467844644348721
5000,0.10,8,1,6.874350553s,1706467850091983829
5000,0.10,8,2,6.372082569s,1706467856966382336
5000,0.10,8,3,6.908004482s,1706467863338542295
5000,0.10,8,4,5.997187402s,1706467870246626110
5000,0.10,8,5,5.776979392s,1706467876243878645
5000,0.10,8,6,6.37716826s,1706467882020935820
5000,0.10,8,7,5.814539148s,1706467888398160835
5000,0.10,8,8,5.934648126s,1706467894212758435
5000,0.10,8,9,5.451418282s,1706467900147464267
5000,0.10,8,10,6.656211541s,1706467905598970133
5000,0.10,8,11,6.153438055s,1706467912255242300
5000,0.10,8,12,7.322607048s,1706467918408734035
5000,0.10,8,13,6.442326117s,1706467925731404605
5000,0.10,8,14,6.896300863s,1706467932173808039
5000,0.10,8,15,6.273976438s,1706467939070190878
5000,0.10,8,16,6.048109615s,1706467945344251956
5000,0.10,8,17,5.76549138s,1706467951392414938
5000,0.10,8,18,5.794193895s,1706467957157989968
5000,0.10,8,19,5.653821649s,1706467962952236246
5000,0.25,10,0,6.16808648s,1706467968620081474
5000,0.25,10,1,6.493598522s,1706467974788272750
5000,0.25,10,2,6.504994479s,1706467981281919817
5000,0.25,10,3,6.662181004s,1706467987786971100
5000,0.25,10,4,6.005084698s,1706467994449249482
5000,0.25,10,5,6.834967503s,1706468000454429246
5000,0.25,10,6,6.389803808s,1706468007289478006
5000,0.25,10,7,7.151164435s,1706468013679365201
5000,0.25,10,8,8.178118102s,1706468020830580300
5000,0.25,10,9,9.520066634s,1706468029008924987
5000,0.25,10,10,8.254588422s,1706468038529070891
5000,0.25,10,11,8.404753155s,1706468046783723260
5000,0.25,10,12,8.127890116s,1706468055188533327
5000,0.25,10,13,7.09404734s,1706468063316507305
5000,0.25,10,14,7.057054399s,1706468070410629286
5000,0.25,10,15,5.572799175s,1706468077467761864
5000,0.25,10,16,6.1576945s,1706468083040635974
5000,0.25,10,17,7.271836574s,1706468089198390004
5000,0.25,10,18,7.218442253s,1706468096470277166
5000,0.25,10,19,7.888069403s,1706468103688804741
5000,0.25,70,0,3.351154381s,1706468111592680936
5000,0.25,70,1,3.300157774s,1706468114943915516
5000,0.25,70,2,3.235078313s,1706468118244175862
5000,0.25,70,3,3.422385936s,1706468121479329800
5000,0.25,70,4,3.995300763s,1706468124901808529
5000,0.25,70,5,3.279259273s,1706468128897188093
5000,0.25,70,6,3.291311526s,1706468132176521769
5000,0.25,70,7,3.225928164s,1706468135467902860
5000,0.25,70,8,3.175044546s,1706468138693898293
5000,0.25,70,9,3.471036005s,1706468141869013414
5000,0.25,70,10,3.332002635s,1706468145340137985
5000,0.25,70,11,3.1414424s,1706468148672343982
5000,0.25,70,12,3.212121857s,1706468151813874349
5000,0.25,70,13,3.219006781s,1706468155026185343
5000,0.25,70,14,3.363274593s,1706468158245263192
5000,0.25,70,15,3.290401443s,1706468161608621833
5000,0.25,70,16,3.176086785s,1706468164899094855
5000,0.25,70,17,3.438890725s,1706468168075261906
5000,0.25,70,18,3.307516205s,1706468171514236587
5000,0.25,70,19,3.150943303s,1706468174821832398
5000,0.25,8,0,7.757711844s,1706468177990135940
5000,0.25,8,1,7.47506226s,1706468185747938724
5000,0.25,8,2,7.864530926s,1706468193223090686
5000,0.25,8,3,9.517384904s,1706468201087681254
5000,0.25,8,4,10.743132155s,1706468210605151489
5000,0.25,8,5,9.571395872s,1706468221348365077
5000,0.25,8,6,7.76649452s,1706468230919842247
5000,0.25,8,7,8.763156517s,1706468238686418304
5000,0.25,8,8,7.496978903s,1706468247449631399
5000,0.25,8,9,8.383221611s,1706468254946663571
5000,0.25,8,10,8.639703559s,1706468263329936317
5000,0.25,8,11,7.306484124s,1706468271969715017
5000,0.25,8,12,6.228437751s,1706468279276282949
5000,0.25,8,13,6.23520715s,1706468285504777412
5000,0.25,8,14,7.211568758s,1706468291740071978
5000,0.25,8,15,6.964281737s,1706468298951699067
5000,0.25,8,16,6.966558977s,1706468305916066449
5000,0.25,8,17,6.209588343s,1706468312882703625
5000,0.25,8,18,7.656847988s,1706468319092348012
5000,0.25,8,19,10.466032645s,1706468326749273318
5000,0.50,10,0,13.472491809s,1706468337235867923
5000,0.50,10,1,13.615421623s,1706468350708465711
5000,0.50,10,2,14.059785323s,1706468364323966199
5000,0.50,10,3,14.35371039s,1706468378383831156
5000,0.50,10,4,18.228690136s,1706468392737774928
5000,0.50,10,5,15.374274823s,1706468410966559415
5000,0.50,10,6,13.663966113s,1706468426340909314
5000,0.50,10,7,13.944142841s,1706468440004946227
5000,0.50,10,8,13.926540293s,1706468453949180333
5000,0.50,10,9,13.35799284s,1706468467875792010
5000,0.50,10,10,13.642466602s,1706468481233874787
5000,0.50,10,11,12.88638255s,1706468494876412508
5000,0.50,10,12,12.530764879s,1706468507762886306
5000,0.50,10,13,13.762721754s,1706468520293725585
5000,0.50,10,14,12.04935855s,1706468534056529036
5000,0.50,10,15,12.333458971s,1706468546105966363
5000,0.50,10,16,11.691359712s,1706468558439482337
5000,0.50,10,17,13.601889184s,1706468570130927632
5000,0.50,10,18,15.454203452s,1706468583732894776
5000,0.50,10,19,12.896655621s,1706468599187186800
5000,0.50,70,0,8.792627982s,1706468612111781784
5000,0.50,70,1,8.781599385s,1706468620904510121
5000,0.50,70,2,8.58943851s,1706468629686178001
5000,0.50,70,3,9.428986955s,1706468638275708989
5000,0.50,70,4,8.577123042s,1706468647704789363
5000,0.50,70,5,8.733835949s,1706468656282010978
5000,0.50,70,6,8.7279656s,1706468665015908080
5000,0.50,70,7,8.692545177s,1706468673743948202
5000,0.50,70,8,8.893275854s,1706468682436573557
5000,0.50,70,9,8.583216748s,1706468691330089489
5000,0.50,70,10,8.947667153s,1706468699913374618
5000,0.50,70,11,8.695287067s,1706468708861091805
5000,0.50,70,12,8.741281711s,1706468717556473167
5000,0.50,70,13,8.863913826s,1706468726297812452
5000,0.50,70,14,8.884428263s,1706468735161801792
5000,0.50,70,15,8.7517263s,1706468744046304589
5000,0.50,70,16,9.297219759s,1706468752798115496
5000,0.50,70,17,8.80231664s,1706468762095424168
5000,0.50,70,18,9.035201343s,1706468770897825543
5000,0.50,70,19,8.548646325s,1706468779933078758
5000,0.50,8,0,13.843194659s,1706468788508924859
5000,0.50,8,1,14.362940735s,1706468802352221075
5000,0.50,8,2,13.671161356s,1706468816715240421
5000,0.50,8,3,14.800036962s,1706468830386478363
5000,0.50,8,4,14.528804824s,1706468845186598091
5000,0.50,8,5,13.976069312s,1706468859715503428
5000,0.50,8,6,16.299035001s,1706468873691654172
5000,0.50,8,7,18.565785259s,1706468889990781817
5000,0.50,8,8,19.464625875s,1706468908556645527
5000,0.50,8,9,17.807301003s,1706468928021352855
5000,0.50,8,10,16.277895115s,1706468945828733664
5000,0.50,8,11,17.948622387s,1706468962106715602
5000,0.50,8,12,20.241996621s,1706468980055409290
5000,0.50,8,13,17.996900524s,1706469000297496684
5000,0.50,8,14,17.711512609s,1706469018294455354
5000,0.50,8,15,17.416951631s,1706469036006056497
5000,0.50,8,16,18.040939589s,1706469053423094825
5000,0.50,8,17,15.669578722s,1706469071464117502
5000,0.50,8,18,15.37942306s,1706469087133771260
5000,0.50,8,19,16.262654592s,1706469102513279427
5000,0.75,10,0,22.519878164s,1706469118807783867
5000,0.75,10,1,22.826066927s,1706469141327761262
5000,0.75,10,2,22.661577036s,1706469164153921769
5000,0.75,10,3,22.368634269s,1706469186815573775
5000,0.75,10,4,23.224332212s,1706469209184294854
5000,0.75,10,5,21.658628814s,1706469232408719091
5000,0.75,10,6,21.994417987s,1706469254067417470
5000,0.75,10,7,23.469383464s,1706469276061906840
5000,0.75,10,8,23.580667313s,1706469299531381000
5000,0.75,10,9,23.462582387s,1706469323112125199
5000,0.75,10,10,20.871397597s,1706469346574796733
5000,0.75,10,11,21.106503905s,1706469367446281391
5000,0.75,10,12,21.394282025s,1706469388552876182
5000,0.75,10,13,26.719496281s,1706469409947216880
5000,0.75,10,14,22.571055429s,1706469436666803255
5000,0.75,10,15,23.012926112s,1706469459237935019
5000,0.75,10,16,23.803473704s,1706469482250940745
5000,0.75,10,17,23.246119071s,1706469506054496785
5000,0.75,10,18,24.983905505s,1706469529300700561
5000,0.75,10,19,23.083560578s,1706469554284696011
5000,0.75,70,0,17.732371789s,1706469577405084466
5000,0.75,70,1,17.75378024s,1706469595137578754
5000,0.75,70,2,17.545861434s,1706469612891442762
5000,0.75,70,3,17.527945914s,1706469630437389852
5000,0.75,70,4,17.152762174s,1706469647965425971
5000,0.75,70,5,16.986427247s,1706469665118383983
5000,0.75,70,6,17.286719608s,1706469682104890864
5000,0.75,70,7,17.387756293s,1706469699391678160
5000,0.75,70,8,17.297656996s,1706469716779493539
5000,0.75,70,9,17.346184636s,1706469734077208756
5000,0.75,70,10,17.313283111s,1706469751423491322
5000,0.75,70,11,17.33614308s,1706469768736857099
5000,0.75,70,12,17.149624293s,1706469786073081286
5000,0.75,70,13,17.273818421s,1706469803222804824
5000,0.75,70,14,17.141468387s,1706469820496695291
5000,0.75,70,15,17.341724644s,1706469837638257518
5000,0.75,70,16,17.350970878s,1706469854980060820
5000,0.75,70,17,17.249652261s,1706469872331121246
5000,0.75,70,18,17.58718191s,1706469889580841490
5000,0.75,70,19,17.025172943s,1706469907168113953
5000,0.75,8,0,23.398231651s,1706469924229190003
5000,0.75,8,1,24.228855744s,1706469947627523380
5000,0.75,8,2,23.378059947s,1706469971856470861
5000,0.75,8,3,24.991158639s,1706469995234613635
5000,0.75,8,4,23.535015572s,1706470020225868724
5000,0.75,8,5,25.976432944s,1706470043760975193
5000,0.75,8,6,25.620382113s,1706470069737485533
5000,0.75,8,7,24.577628471s,1706470095357954285
5000,0.75,8,8,25.247149752s,1706470119935683818
5000,0.75,8,9,26.368409389s,1706470145182892088
5000,0.75,8,10,24.714929838s,1706470171551394405
5000,0.75,8,11,23.252458562s,1706470196266403720
5000,0.75,8,12,25.447291956s,1706470219518948762
5000,0.75,8,13,24.960468664s,1706470244966333322
5000,0.75,8,14,24.325431839s,1706470269926890263
5000,0.75,8,15,26.39239962s,1706470294252395192
5000,0.75,8,16,23.586221969s,1706470320644880174
5000,0.75,8,17,23.223507862s,1706470344231184193
5000,0.75,8,18,23.441197817s,1706470367454765181
5000,0.75,8,19,21.728602629s,1706470390896045696
5000,0.90,10,0,37.596046841s,1706470412665932794
5000,0.90,10,1,33.466260011s,1706470450262072196
5000,0.90,10,2,32.282110576s,1706470483728421850
5000,0.90,10,3,37.805643006s,1706470516010618354
5000,0.90,10,4,1m21.906574159s,1706470553816335413
5000,0.90,10,5,1m45.512607749s,1706470635724022190
5000,0.90,10,6,1m18.808186416s,1706470741236717691
5000,0.90,10,7,1m22.061533555s,1706470820044995663
5000,0.90,10,8,1m44.403402696s,1706470902106614706
5000,0.90,10,9,1m17.720486612s,1706471006510075845
5000,0.90,10,10,42.185705868s,1706471084230656614
5000,0.90,10,11,50.084943384s,1706471126416442293
5000,0.90,10,12,45.303954101s,1706471176501470148
5000,0.90,10,13,42.150354475s,1706471221805481231
5000,0.90,10,14,41.628702178s,1706471263955893349
5000,0.90,10,15,52.907321183s,1706471305584681268
5000,0.90,10,16,49.437327822s,1706471358492095532
5000,0.90,10,17,39.220995239s,1706471407929506434
5000,0.90,10,18,31.738387603s,1706471447150554641
5000,0.90,10,19,41.197591547s,1706471478888995266
5000,0.90,70,0,23.714887976s,1706471520157989998
5000,0.90,70,1,28.808481229s,1706471543873102071
5000,0.90,70,2,26.680124402s,1706471572681675813
5000,0.90,70,3,1m14.30378245s,1706471599361860999
5000,0.90,70,4,39.410600741s,1706471673665724043
5000,0.90,70,5,25.500970521s,1706471713076405169
5000,0.90,70,6,36.225275319s,1706471738577470710
5000,0.90,70,7,41.946824466s,1706471774802833779
5000,0.90,70,8,55.842118733s,1706471816749743376
5000,0.90,70,9,38.625242118s,1706471872591946896
5000,0.90,70,10,31.599109794s,1706471911217275931
5000,0.90,70,11,36.293353406s,1706471942816470302
5000,0.90,70,12,30.220607531s,1706471979109902829
5000,0.90,70,13,40.872207936s,1706472009330596931
5000,0.90,70,14,26.549600956s,1706472050202878817
5000,0.90,70,15,34.926030225s,1706472076752558547
5000,0.90,70,16,40.455466398s,1706472111678680671
5000,0.90,70,17,42.433309598s,1706472152134237133
5000,0.90,70,18,31.229719398s,1706472194567636797
5000,0.90,70,19,26.658736026s,1706472225797441410
5000,0.90,8,0,35.179777539s,1706472252503073516
5000,0.90,8,1,43.02706358s,1706472287682950319
5000,0.90,8,2,45.730637948s,1706472330710098386
5000,0.90,8,3,41.278565358s,1706472376440816975
5000,0.90,8,4,39.290004398s,1706472417719475225
5000,0.90,8,5,37.200140163s,1706472457009577785
5000,0.90,8,6,40.825445076s,1706472494209770756
5000,0.90,8,7,32.573406847s,1706472535035302753
5000,0.90,8,8,31.954927663s,1706472567608790333
5000,0.90,8,9,31.79702832s,1706472599563810342
5000,0.90,8,10,33.566329794s,1706472631360894515
5000,0.90,8,11,42.730329545s,1706472664927308235
5000,0.90,8,12,1m12.164009537s,1706472707657721861
5000,0.90,8,13,48.284558791s,1706472779821793851
5000,0.90,8,14,52.110477921s,1706472828106432294
5000,0.90,8,15,42.275448672s,1706472880216987914
5000,0.90,8,16,48.544869894s,1706472922492523201
5000,0.90,8,17,49.250167486s,1706472971037446461
5000,0.90,8,18,42.62362727s,1706473020287697019
5000,0.90,8,19,37.921226523s,1706473062911402359
10000,0.10,10,0,23.652200629s,1706473100884935854
10000,0.10,10,1,29.098144612s,1706473124537224254
10000,0.10,10,2,24.269525955s,1706473153635422052
10000,0.10,10,3,31.813445589s,1706473177905001003
10000,0.10,10,4,28.532040138s,1706473209718541401
10000,0.10,10,5,29.165736412s,1706473238250668784
10000,0.10,10,6,34.018650866s,1706473267416491107
10000,0.10,10,7,23.604390777s,1706473301435231503
10000,0.10,10,8,30.088702219s,1706473325039713482
10000,0.10,10,9,20.792144579s,1706473355128504849
10000,0.10,10,10,23.297770307s,1706473375920733419
10000,0.10,10,11,22.977793597s,1706473399218584033
10000,0.10,10,12,24.619989599s,1706473422196467792
10000,0.10,10,13,24.305964093s,1706473446816543134
10000,0.10,10,14,24.856840434s,1706473471122589192
10000,0.10,10,15,29.283963479s,1706473495979512692
10000,0.10,10,16,24.11838906s,1706473525263559879
10000,0.10,10,17,21.906501779s,1706473549382039048
10000,0.10,10,18,21.244700175s,1706473571288624849
10000,0.10,10,19,28.911884056s,1706473592533374423
10000,0.10,100,0,5.482361126s,1706473621472729238
10000,0.10,100,1,6.800622025s,1706473626955197613
10000,0.10,100,2,5.52298953s,1706473633755904230
10000,0.10,100,3,5.373093065s,1706473639278971808
10000,0.10,100,4,6.425005014s,1706473644652133246
10000,0.10,100,5,5.339771188s,1706473651077233568
10000,0.10,100,6,5.854619092s,1706473656417081219
10000,0.10,100,7,5.699960055s,1706473662271785656
10000,0.10,100,8,5.090196767s,1706473667971821512
10000,0.10,100,9,4.970677004s,1706473673062104220
10000,0.10,100,10,7.289444083s,1706473678032860023
10000,0.10,100,11,5.553657147s,1706473685322397451
10000,0.10,100,12,5.259376213s,1706473690876129147
10000,0.10,100,13,5.668903397s,1706473696135597026
10000,0.10,100,14,5.809343206s,1706473701804565053
10000,0.10,100,15,5.242763952s,1706473707613981286
10000,0.10,100,16,6.092720321s,1706473712856830330
10000,0.10,100,17,5.216905623s,1706473718949623964
10000,0.10,100,18,14.594550235s,1706473724166610519
10000,0.10,100,19,6.137338081s,1706473738761209670
10000,0.10,9,0,21.960963279s,1706473744923589520
10000,0.10,9,1,22.661046251s,1706473766884648347
10000,0.10,9,2,21.648148662s,1706473789545783021
10000,0.10,9,3,26.890992331s,1706473811194021701
10000,0.10,9,4,24.853066038s,1706473838085091108
10000,0.10,9,5,29.874906171s,1706473862938235405
10000,0.10,9,6,39.214444978s,1706473892813206340
10000,0.10,9,7,27.664109939s,1706473932027743281
10000,0.10,9,8,27.892006743s,1706473959691935570
10000,0.10,9,9,28.597776985s,1706473987583992142
10000,0.10,9,10,23.797093772s,1706474016181830600
10000,0.10,9,11,29.091092535s,1706474039979015443
10000,0.10,9,12,26.097858298s,1706474069070168157
10000,0.10,9,13,24.44793081s,1706474095168104128
10000,0.10,9,14,21.718525047s,1706474119616122454
10000,0.10,9,15,20.815864807s,1706474141334734227
10000,0.10,9,16,22.420597962s,1706474162150692629
10000,0.10,9,17,21.481079975s,1706474184571365458
10000,0.10,9,18,16.487128521s,1706474206052537204
10000,0.10,9,19,15.922117171s,1706474222539747794
10000,0.25,10,0,28.411511469s,1706474238491397222
10000,0.25,10,1,37.85503093s,1706474266903001506
10000,0.25,10,2,43.310294987s,1706474304758118035
10000,0.25,10,3,33.829542084s,1706474348068470660
10000,0.25,10,4,33.356042407s,1706474381898101231
10000,0.25,10,5,34.154335197s,1706474415254228850
10000,0.25,10,6,33.237924573s,1706474449408647420
10000,0.25,10,7,25.731172737s,1706474482646655583
10000,0.25,10,8,29.0551599s,1706474508377915931
10000,0.25,10,9,25.570195249s,1706474537433158377
10000,0.25,10,10,33.794359352s,1706474563003432664
10000,0.25,10,11,33.229996188s,1706474596797869730
10000,0.25,10,12,27.163892838s,1706474630027956797
10000,0.25,10,13,25.778928024s,1706474657192081241
10000,0.25,10,14,33.118714365s,1706474682971089026
10000,0.25,10,15,32.273306722s,1706474716089886273
10000,0.25,10,16,30.624052993s,1706474748363272075
10000,0.25,10,17,27.99069583s,1706474778987407822
10000,0.25,10,18,30.993505468s,1706474806978185278
10000,0.25,10,19,34.149615501s,1706474837971782146
10000,0.25,100,0,21.272104373s,1706474872178675264
10000,0.25,100,1,18.643476874s,1706474893450884940
10000,0.25,100,2,17.095360736s,1706474912094460499
10000,0.25,100,3,17.634108065s,1706474929189887357
10000,0.25,100,4,18.135923173s,1706474946824104659
10000,0.25,100,5,17.650337794s,1706474964960283479
10000,0.25,100,6,19.237449325s,1706474982610728180
10000,0.25,100,7,19.768318004s,1706475001848259685
10000,0.25,100,8,18.22482126s,1706475021616648410
10000,0.25,100,9,17.313336622s,1706475039841564949
10000,0.25,100,10,20.855246817s,1706475057155028486
10000,0.25,100,11,17.387749365s,1706475078010356251
10000,0.25,100,12,17.85937879s,1706475095398174440
10000,0.25,100,13,24.250050738s,1706475113257646629
10000,0.25,100,14,17.150987041s,1706475137507797550
10000,0.25,100,15,17.349317487s,1706475154658851513
10000,0.25,100,16,18.316805075s,1706475172008260198
10000,0.25,100,17,17.452794828s,1706475190325176638
10000,0.25,100,18,20.934072253s,1706475207778077257
10000,0.25,100,19,19.703559387s,1706475228712239242
10000,0.25,9,0,33.93715991s,1706475248469120671
10000,0.25,9,1,38.89085237s,1706475282406376163
10000,0.25,9,2,34.917759375s,1706475321297330092
10000,0.25,9,3,36.488689282s,1706475356215170808
10000,0.25,9,4,33.560677401s,1706475392703945480
10000,0.25,9,5,29.204529247s,1706475426264704819
10000,0.25,9,6,29.258934411s,1706475455469319490
10000,0.25,9,7,35.971333685s,1706475484728333309
10000,0.25,9,8,35.730647507s,1706475520699755568
10000,0.25,9,9,35.661033273s,1706475556430498561
10000,0.25,9,10,39.189061546s,1706475592091615521
10000,0.25,9,11,33.87517336s,1706475631280761824
10000,0.25,9,12,33.084017148s,1706475665156011756
10000,0.25,9,13,35.031614508s,1706475698240112835
10000,0.25,9,14,35.706180068s,1706475733271816448
10000,0.25,9,15,28.17353268s,1706475768978082825
10000,0.25,9,16,29.02389662s,1706475797151692890
10000,0.25,9,17,39.635168419s,1706475826175676980
10000,0.25,9,18,31.364573705s,1706475865810926853
10000,0.25,9,19,33.412954353s,1706475897175579999
10000,0.50,10,0,1m10.108105191s,1706475930650794850
10000,0.50,10,1,1m8.77853782s,1706476000759002654
10000,0.50,10,2,1m12.389729235s,1706476069537771551
10000,0.50,10,3,1m14.890805927s,1706476141927590176
10000,0.50,10,4,1m11.8862202s,1706476216818488990
10000,0.50,10,5,1m12.991436577s,1706476288704792014
10000,0.50,10,6,1m17.326283475s,1706476361696314331
10000,0.50,10,7,1m7.8804823s,1706476439022683122
10000,0.50,10,8,1m21.380169473s,1706476506903260458
10000,0.50,10,9,1m21.303097824s,1706476588283521866
10000,0.50,10,10,1m30.434459213s,1706476669586712644
10000,0.50,10,11,1m14.982226519s,1706476760021259904
10000,0.50,10,12,1m22.231696925s,1706476835003582103
10000,0.50,10,13,1m15.50226318s,1706476917235348752
10000,0.50,10,14,1m26.095933694s,1706476992737701872
10000,0.50,10,15,1m45.32953658s,1706477078833728583
10000,0.50,10,16,1m20.409045927s,1706477184163351574
10000,0.50,10,17,1m49.000838637s,1706477264572486736
10000,0.50,10,18,1m23.831984506s,1706477373573417285
10000,0.50,10,19,1m13.254569599s,1706477457405488898
10000,0.50,100,0,57.365394391s,1706477530754161753
10000,0.50,100,1,56.477315393s,1706477588119673863
10000,0.50,100,2,1m8.963272944s,1706477644597103766
10000,0.50,100,3,1m0.711460599s,1706477713560485026
10000,0.50,100,4,58.03472802s,1706477774272052945
10000,0.50,100,5,57.476581084s,1706477832306891807
10000,0.50,100,6,58.961672507s,1706477889783573053
10000,0.50,100,7,59.262033729s,1706477948745349078
10000,0.50,100,8,1m8.786291047s,1706478008007501474
10000,0.50,100,9,1m10.266889706s,1706478076793907785
10000,0.50,100,10,59.664850504s,1706478147060912814
10000,0.50,100,11,1m3.569248613s,1706478206725837006
10000,0.50,100,12,54.867844531s,1706478270295186783
10000,0.50,100,13,58.94314865s,1706478325163146101
10000,0.50,100,14,1m0.945737461s,1706478384106396699
10000,0.50,100,15,59.792040267s,1706478445052257132
10000,0.50,100,16,59.044192276s,1706478504844403552
10000,0.50,100,17,1m1.051795117s,1706478563888708215
10000,0.50,100,18,1m2.419360664s,1706478624940627692
10000,0.50,100,19,1m0.75867441s,1706478687360068330
10000,0.50,9,0,1m22.372263738s,1706478748207257833
10000,0.50,9,1,1m12.258633324s,1706478830579609441
10000,0.50,9,2,1m12.863710707s,1706478902838331750
10000,0.50,9,3,1m10.293152654s,1706478975702131509
10000,0.50,9,4,1m11.812818781s,1706479045995375198
10000,0.50,9,5,1m11.29559767s,1706479117808267154
10000,0.50,9,6,1m18.309359498s,1706479189103927406
10000,0.50,9,7,1m12.903717754s,1706479267413348845
10000,0.50,9,8,1m21.750899635s,1706479340317149401
10000,0.50,9,9,1m15.181484916s,1706479422068135422
10000,0.50,9,10,1m15.560311686s,1706479497249695705
10000,0.50,9,11,1m13.834648259s,1706479572810091714
10000,0.50,9,12,1m17.404943306s,1706479646644825888
10000,0.50,9,13,1m10.087630032s,1706479724049853908
10000,0.50,9,14,1m14.970301821s,1706479794137559902
10000,0.50,9,15,1m9.31944453s,1706479869107942263
10000,0.50,9,16,1m8.832584182s,1706479938427443046
10000,0.50,9,17,1m10.108056541s,1706480007260110114
10000,0.50,9,18,1m18.041307938s,1706480077368255484
10000,0.50,9,19,1m13.566564173s,1706480155409734905
10000,0.75,10,0,2m14.287510175s,1706480229086811932
10000,0.75,10,1,2m11.707343408s,1706480363375502402
10000,0.75,10,2,2m13.057848002s,1706480495082938966
10000,0.75,10,3,2m14.092777909s,1706480628140845702
10000,0.75,10,4,2m17.86761321s,1706480762233714005
10000,0.75,10,5,2m11.704152184s,1706480900101418496
10000,0.75,10,6,2m19.454284794s,1706481031805645085
10000,0.75,10,7,2m13.099108391s,1706481171259993644
10000,0.75,10,8,2m44.125399937s,1706481304359192120
10000,0.75,10,9,2m6.290146526s,1706481468484685606
10000,0.75,10,10,2m3.693180845s,1706481594774926711
10000,0.75,10,11,2m3.317089828s,1706481718468221611
10000,0.75,10,12,2m2.619013551s,1706481841785392790
10000,0.75,10,13,2m19.096857984s,1706481964404480861
10000,0.75,10,14,2m10.655101057s,1706482103501425688
10000,0.75,10,15,2m5.338886075s,1706482234156613265
10000,0.75,10,16,2m14.820794859s,1706482359495590725
10000,0.75,10,17,2m23.33987663s,1706482494316449255
10000,0.75,10,18,2m10.992558227s,1706482637656398223
10000,0.75,10,19,2m17.025082202s,1706482768649037811
10000,0.75,100,0,1m56.352153372s,1706482905829003269
10000,0.75,100,1,1m57.618373318s,1706483022181283762
10000,0.75,100,2,1m56.748873727s,1706483139799758553
10000,0.75,100,3,1m56.227527611s,1706483256548751215
10000,0.75,100,4,1m56.471125352s,1706483372776384710
10000,0.75,100,5,2m2.61419899s,1706483489247623423
10000,0.75,100,6,1m55.74556612s,1706483611861935543
10000,0.75,100,7,2m3.509555504s,1706483727607600477
10000,0.75,100,8,1m55.787055875s,1706483851117259008
10000,0.75,100,9,1m58.679852567s,1706483966904419733
10000,0.75,100,10,1m55.564422877s,1706484085584387056
10000,0.75,100,11,1m56.335384701s,1706484201148913988
10000,0.75,100,12,1m59.030794797s,1706484317502478401
10000,0.75,100,13,1m56.924336841s,1706484436533383128
10000,0.75,100,14,1m55.820727509s,1706484553457808151
10000,0.75,100,15,2m4.398833459s,1706484669278647504
10000,0.75,100,16,1m56.440855839s,1706484793677608622
10000,0.75,100,17,1m56.144665112s,1706484910118571298
10000,0.75,100,18,1m55.935529234s,1706485026263347541
10000,0.75,100,19,1m56.118226846s,1706485142198987242
10000,0.75,9,0,2m20.46837646s,1706485258435530351
10000,0.75,9,1,2m17.591052224s,1706485398904017334
10000,0.75,9,2,2m18.052602553s,1706485536495166551
10000,0.75,9,3,2m11.278779038s,1706485674547853713
10000,0.75,9,4,2m14.58393109s,1706485805826707420
10000,0.75,9,5,2m13.593758093s,1706485940410729254
10000,0.75,9,6,2m10.190490098s,1706486074004620084
10000,0.75,9,7,2m11.294848373s,1706486204195308122
10000,0.75,9,8,2m5.438238373s,1706486335490215423
10000,0.75,9,9,2m14.346154688s,1706486460928547743
10000,0.75,9,10,2m13.010460481s,1706486595274783809
10000,0.75,9,11,2m11.713945317s,1706486728285330481
10000,0.75,9,12,2m9.168802369s,1706486860001899084
10000,0.75,9,13,2m6.472904483s,1706486989170796454
10000,0.75,9,14,2m8.834834742s,1706487115643787990
10000,0.75,9,15,2m7.092407551s,1706487244478701994
10000,0.75,9,16,2m4.073046679s,1706487371571201898
10000,0.75,9,17,2m11.858685988s,1706487495644331321
10000,0.75,9,18,2m12.249016887s,1706487627503097871
10000,0.75,9,19,2m11.451450169s,1706487759752202420
10000,0.90,10,0,2m53.61460671s,1706487891343591653
10000,0.90,10,1,2m51.680749095s,1706488064958294053
10000,0.90,10,2,2m54.545427286s,1706488236639130985
10000,0.90,10,3,3m0.75165005s,1706488411184648349
10000,0.90,10,4,2m54.647737176s,1706488591936383873
10000,0.90,10,5,3m1.554617603s,1706488766584207435
10000,0.90,10,6,2m54.96098672s,1706488948138915883
10000,0.90,10,7,3m8.726808363s,1706489123099983042
10000,0.90,10,8,3m0.084405212s,1706489311826882042
10000,0.90,10,9,2m55.004914486s,1706489491911374026
10000,0.90,10,10,3m2.116385679s,1706489666916374651
10000,0.90,10,11,3m3.223565581s,1706489849032870670
10000,0.90,10,12,3m5.938819018s,1706490032259458148
10000,0.90,10,13,3m10.697632515s,1706490218198369794
10000,0.90,10,14,3m1.812895914s,1706490408896085521
10000,0.90,10,15,3m10.385667135s,1706490590709073289
10000,0.90,10,16,3m5.257379094s,1706490781094832179
10000,0.90,10,17,3m35.356930536s,1706490966352300722
10000,0.90,10,18,2m54.898624277s,1706491181709317076
10000,0.90,10,19,3m4.732906548s,1706491356608023602
10000,0.90,100,0,2m43.917051593s,1706491541496818496
10000,0.90,100,1,2m43.396043775s,1706491705414033906
10000,0.90,100,2,2m43.003292983s,1706491868810183663
10000,0.90,100,3,2m43.206134438s,1706492031813579247
10000,0.90,100,4,2m43.81326581s,1706492195019818813
10000,0.90,100,5,2m48.455736148s,1706492358833213815
10000,0.90,100,6,2m51.817896623s,1706492527289054581
10000,0.90,100,7,2m43.24632164s,1706492699107078017
10000,0.90,100,8,2m46.101733398s,1706492862353673052
10000,0.90,100,9,2m53.001692838s,1706493028455491974
10000,0.90,100,10,2m52.300528273s,1706493201457361005
10000,0.90,100,11,2m42.978643609s,1706493373757992231
10000,0.90,100,12,2m42.854436071s,1706493536736750542
10000,0.90,100,13,2m43.431688488s,1706493699591293397
10000,0.90,100,14,2m42.984781164s,1706493863023090326
10000,0.90,100,15,2m42.947344443s,1706494026023937996
10000,0.90,100,16,2m44.748741529s,1706494188971387810
10000,0.90,100,17,2m45.249679649s,1706494353720234960
10000,0.90,100,18,2m45.603898241s,1706494518970021898
10000,0.90,100,19,2m55.562062871s,1706494684574044137
10000,0.90,9,0,2m54.212997414s,1706494860273037417
10000,0.90,9,1,3m4.760419462s,1706495034486107044
10000,0.90,9,2,2m57.026413031s,1706495219246615919
10000,0.90,9,3,2m54.03018172s,1706495396273117237
10000,0.90,9,4,3m1.65144401s,1706495570303388057
10000,0.90,9,5,3m0.219700684s,1706495751954920803
10000,0.90,9,6,3m1.017762985s,1706495932174713813
10000,0.90,9,7,3m1.202262313s,1706496113192568842
10000,0.90,9,8,3m3.263878547s,1706496294394888113
10000,0.90,9,9,3m4.940317332s,1706496477658889923
10000,0.90,9,10,2m58.34577406s,1706496662599294472
10000,0.90,9,11,3m1.245808735s,1706496840945155889
10000,0.90,9,12,3m0.676473887s,1706497022191051825
10000,0.90,9,13,3m0.246386314s,1706497202867611651
10000,0.90,9,14,3m8.660429943s,1706497383114058619
10000,0.90,9,15,3m1.812608628s,1706497571774578000
10000,0.90,9,16,2m58.301611433s,1706497753587256361
10000,0.90,9,17,3m0.096179233s,1706497931888954461
10000,0.90,9,18,3m2.253509586s,1706498111985223728
10000,0.90,9,19,3m0.818541559s,1706498294241986229
50000,0.10,10,0,6m10.126861445s,1706498475217340352
50000,0.10,10,1,5m49.420722943s,1706498845344292655
50000,0.10,10,2,6m9.993308471s,1706499194765084632
50000,0.10,10,3,5m56.251733557s,1706499564758507869
50000,0.10,10,4,5m55.564799603s,1706499921010381110
50000,0.10,10,5,5m52.216328401s,1706500276575274976
50000,0.10,10,6,6m4.583516925s,1706500628791695480
50000,0.10,10,7,5m56.965733007s,1706500993375311583
50000,0.10,10,8,5m51.668266331s,1706501350341132314
50000,0.10,10,9,6m2.660179671s,1706501702013257852
50000,0.10,10,10,6m15.759861162s,1706502064673532281
50000,0.10,10,11,6m20.482692775s,1706502440650502839
50000,0.10,10,12,6m9.859083903s,1706502821133286897
50000,0.10,10,13,6m11.261533182s,1706503190992463695
50000,0.10,10,14,6m9.479973389s,1706503562254085525
50000,0.10,10,15,5m55.797174615s,1706503931734147699
50000,0.10,10,16,6m3.622066571s,1706504287531422619
50000,0.10,10,17,6m6.906399902s,1706504651153580371
50000,0.10,10,18,6m17.715208348s,1706505018060039329
50000,0.10,10,19,6m54.325741679s,1706505395775358645
50000,0.10,223,0,4m32.275392487s,1706505810508073526
50000,0.10,223,1,4m54.366189889s,1706506082783548284
50000,0.10,223,2,4m36.965879567s,1706506377149808078
50000,0.10,223,3,4m31.893139046s,1706506654115779996
50000,0.10,223,4,4m32.813097426s,1706506926009019299
50000,0.10,223,5,4m44.42288119s,1706507198822214246
50000,0.10,223,6,4m47.048579781s,1706507483245187469
50000,0.10,223,7,4m32.192819648s,1706507770293861681
50000,0.10,223,8,4m32.531209809s,1706508042486781961
50000,0.10,223,9,4m53.316747322s,1706508315018080849
50000,0.10,223,10,4m51.799893861s,1706508608334957216
50000,0.10,223,11,4m35.335647649s,1706508900134942030
50000,0.10,223,12,4m32.6334895s,1706509175470681832
50000,0.10,223,13,4m53.60351489s,1706509448104250884
50000,0.10,223,14,4m35.763234921s,1706509741710646547
50000,0.10,223,15,4m34.696300706s,1706510017473950964
50000,0.10,223,16,4m34.17700407s,1706510292171408318
50000,0.10,223,17,4m33.977628937s,1706510566348499412
50000,0.10,223,18,4m35.416017585s,1706510840326227030
50000,0.10,223,19,4m33.563574493s,1706511115742331486
50000,0.10,10,0,6m13.126474908s,1706511389669675116
50000,0.10,10,1,6m9.731125719s,1706511762796271385
50000,0.10,10,2,6m13.253199315s,1706512132527474920
50000,0.10,10,3,7m10.878489751s,1706512505780756852
50000,0.10,10,4,6m9.20205447s,1706512936659336625
50000,0.10,10,5,6m50.848926299s,1706513305861475491
50000,0.10,10,6,6m20.290446752s,1706513716710485947
50000,0.10,10,7,6m17.593725685s,1706514097004143983
50000,0.10,10,8,6m5.811236051s,1706514474597965792
50000,0.10,10,9,6m11.877651914s,1706514840409304251
50000,0.10,10,10,7m39.58756533s,1706515212287035942
50000,0.10,10,11,7m0.465445361s,1706515671874695734
50000,0.10,10,12,6m59.338437953s,1706516092340237952
50000,0.10,10,13,6m37.659547644s,1706516511678798527
50000,0.10,10,14,7m5.25745063s,1706516909338434644
50000,0.10,10,15,6m54.257037654s,1706517334595963131
50000,0.10,10,16,6m29.294957946s,1706517748853091174
50000,0.10,10,17,6m23.129596952s,1706518138151785808
50000,0.10,10,18,7m6.157422036s,1706518521281460433
50000,0.10,10,19,6m23.526578453s,1706518947438964293
50000,0.25,10,0,26m49.270133215s,1706519331355433324
50000,0.25,10,1,27m23.447220831s,1706520940630512110
50000,0.25,10,2,26m53.814737371s,1706522584077822222
50000,0.25,10,3,27m1.462195673s,1706524197892687003
50000,0.25,10,4,27m3.743945165s,1706525819361606231
50000,0.25,10,5,26m53.866362014s,1706527443106600544
50000,0.25,10,6,26m57.618955102s,1706529057076417737
50000,0.25,10,7,26m59.040862112s,1706530674698074006
50000,0.25,10,8,27m16.831427111s,1706532293739671263
50000,0.25,10,9,26m59.621859784s,1706533930571209936
50000,0.25,10,10,27m0.281668346s,1706535550199134201
50000,0.25,10,11,27m4.13378073s,1706537170481437259
50000,0.25,10,12,26m57.661437737s,1706538794615334615
50000,0.25,10,13,26m55.594960689s,1706540412279830035
50000,0.25,10,14,27m8.69728338s,1706542027875341871
50000,0.25,10,15,27m54.187829392s,1706543656572757860
50000,0.25,10,16,26m53.443320896s,1706545330763895185
